{
    "jaco": [
        0.0,
        0.9998933447098969,
        0.0,
        0.0,
        0.9999750006249842,
        0.0,
        0.0,
        0.0,
        0.0,
        0.9999898990919283,
        0.9999898990919283,
        0.0,
        0.0,
        0.0,
        0.0,
        0.0,
        0.9999904489016236,
        0.0,
        0.0,
        0.9999957558681842,
        0.44444142641564743,
        0.0,
        0.0,
        0.0,
        0.9999872677666646,
        0.0,
        0.0,
        0.9999809160305344,
        0.5,
        0.9999936346276257,
        0.0,
        0.9999770642201835,
        0.0,
        0.0,
        0.9999959792435429,
        0.9999872677666646,
        0.999863989048311,
        0.5,
        0.0,
        0.9999490730119007,
        0.0,
        0.0,
        0.0,
        0.0,
        0.9999770642201835,
        0.0,
        0.0,
        0.9999961802813657,
        0.9999872677666646,
        0.9531995600701382,
        0.0,
        0.0,
        0.0,
        0.0,
        0.9999900000999989,
        0.0,
        0.0,
        0.9999900000999989,
        0.0,
        0.0,
        0.9999900000999989,
        0.6999930000699992,
        0.9999900000999989,
        0.9999900000999989,
        0.24733931196706846,
        0.0,
        0.0,
        0.5142087246289003,
        0.0,
        0.21822403110193175,
        0.0,
        0.0,
        0.0,
        0.0,
        0.0,
        0.0,
        0.9999815967274045,
        0.0,
        0.9999078878608733,
        0.0,
        0.0,
        0.0,
        0.0,
        0.0,
        0.0,
        0.9999900000999989,
        0.0,
        0.0,
        0.9999900000999989,
        0.9999900000999989,
        0.9999900000999989,
        0.9985207100591701,
        0.0,
        0.0,
        0.7356547327121123,
        0.0,
        0.0,
        0.0,
        0.9121892542101043,
        0.999950002499875,
        0.9999900000999989,
        0.0,
        0.0,
        0.0,
        0.0
    ],
    "kinova": [
        0.30839446822745276,
        0.9998933447098969,
        0.0,
        0.2203722736813972,
        0.9999750006249842,
        0.0,
        0.9999898990919283,
        0.9999898990919283,
        0.0,
        0.0,
        0.0,
        0.0,
        0.9999898990919283,
        0.9999898990919283,
        0.0,
        0.0,
        0.9999904489016236,
        0.0,
        0.0,
        0.9999957558681842,
        0.9333269954728597,
        3.8166482195336056e-05,
        0.9999936338022762,
        0.9999490704182106,
        0.0,
        0.99999,
        0.0,
        0.9999809160305344,
        0.5,
        0.9999936346276257,
        0.0,
        0.9999770642201835,
        0.0,
        0.0,
        0.7105222950330167,
        0.9999872677666646,
        0.0,
        0.0,
        0.9999872676045527,
        0.0,
        0.99999,
        0.0,
        0.0,
        0.9999770642201835,
        0.0,
        0.0,
        0.0,
        0.3999961802813658,
        0.4999936338833323,
        0.9531995600701382,
        0.0,
        0.0,
        0.9999936346276257,
        0.5,
        0.0,
        0.9999900000999989,
        0.0,
        0.0,
        0.9999900000999989,
        0.0,
        0.9999900000999989,
        0.9999900000999989,
        0.0,
        0.9999900000999989,
        0.0,
        0.5038702473551733,
        0.29598064191509466,
        0.0,
        0.4643262003174105,
        0.0,
        0.0,
        0.0,
        0.0,
        0.28737020883607806,
        0.4643262003174105,
        0.061965868906633886,
        0.0,
        0.0,
        0.0,
        0.9999809017801342,
        0.0,
        0.0,
        0.9999809017801342,
        0.9999729284494283,
        0.0,
        0.0,
        0.9999900000999989,
        0.0,
        0.9999900000999989,
        0.9999900000999989,
        0.9999900000999989,
        0.9511834319526633,
        0.1453365529731361,
        0.9981447124304249,
        0.9995095635115248,
        0.41697416974169604,
        0.44040315512708156,
        0.025272432181776036,
        0.9995990376904572,
        0.6749662516874156,
        0.0,
        0.9999900000999989,
        0.0,
        0.9999999900000002,
        0.9999999900000002
    ],
    "iiwa": [
        0.9999938710053067,
        0.9998933447098969,
        0.0,
        0.9999918182487597,
        0.9999750006249842,
        0.0,
        0.9999898990919283,
        0.9999898990919283,
        0.0,
        0.0,
        0.0,
        0.0,
        0.9999898990919283,
        0.9999898990919283,
        0.0,
        0.0,
        0.9999904489016236,
        0.0,
        0.0,
        0.9999957558681842,
        0.9999932094352068,
        3.8166482195336056e-05,
        0.9999936338022762,
        0.49994907041821063,
        0.0,
        0.99999,
        0.0,
        0.9999809160305344,
        0.5,
        0.9999936346276257,
        0.0,
        0.9999770642201835,
        0.0,
        0.0,
        0.6710486108224903,
        0.9999872677666646,
        0.0,
        0.0,
        0.9999872676045527,
        0.49997453650595036,
        0.99999,
        0.0,
        0.0,
        0.9999770642201835,
        0.0,
        0.0,
        0.0,
        0.3999961802813658,
        0.4999936338833323,
        0.0,
        0.0,
        0.0,
        0.9999936346276257,
        0.5,
        0.0,
        0.0,
        0.9999900000999989,
        0.0,
        0.0,
        0.9999900000999989,
        0.9999900000999989,
        0.9999900000999989,
        0.0,
        0.9999900000999989,
        0.0,
        0.5038702473551733,
        0.29598064191509466,
        0.0,
        0.4643262003174105,
        0.0,
        0.0,
        0.0,
        0.0,
        0.28737020883607806,
        0.4643262003174105,
        0.061965868906633886,
        0.0,
        0.0,
        0.0,
        0.9999809017801342,
        0.0,
        0.0,
        0.9999809017801342,
        0.9999729284494283,
        0.0,
        0.0,
        0.0,
        0.9999900000999989,
        0.9999900000999989,
        0.9999900000999989,
        0.9999900000999989,
        0.0,
        0.9998490793842437,
        0.927643784786637,
        0.0,
        0.9963099630996273,
        0.9991235758106924,
        0.9998840714120101,
        0.0,
        0.7799610019499026,
        0.0,
        0.0,
        0.9999900000999989,
        0.9999999900000002,
        0.9999999900000002
    ],