{
    "original": [0, 0, 0, 0, 0, 0, 0, 0, 0, 0, 0, 0, 0, 0, 0, 0, 0, 0, 0, 0, 0, 0, 0, 0, 0, 0, 0, 0, 0, 0, 0, 0, 0, 0, 0, 0, 0, 0, 0, 0, 0, 0, 0, 0, 0, 0, 0, 0, 0, 0, 0, 0, 0, 0, 0, 0, 0, 0, 0],
    "two_finger": [1, 1, 1, 1, 1, 1, 1, 1, 1, 1, 1, 1, 1, 1, 1, 1, 1, 1, 1, 1, 1, 1, 1, 1, 1, 1, 1, 1, 1, 1, 1, 1, 1, 1, 1, 1, 1, 1, 1, 1, 1, 1, 1, 1, 1, 1, 1, 1, 1, 1, 1, 1, 1, 0, 1, 1, 1, 0, 1],
    "three_finger": [1, 1, 1, 1, 1, 1, 1, 1, 1, 0.0, 0.0, 0.0, 1, 1, 1, 1, 1, 1, 1, 1, 1, 1, 1, 1, 0.30000000000000004, 0.13043478260869557, 0.007092198581560294, 1, 1, 1, 1, 1, 1, 1, 1, 1, 1, 1, 1, 1, 1, 1, 1, 1, 1, 1, 1, 1, 1, 1, 1, 0, 1, 1, 1, 1, 1, 1, 1],
    "four_finger": [1, 1, 1, 0.0, 0.0, 0.0, 1, 1, 1, 0.0, 0.0, 0.0, 1, 1, 1, 1, 1, 1, 0.30000000000000004, 0.13043478260869557, 0.007092198581560294, 1, 1, 1, 0.30000000000000004, 0.13043478260869557, 0.007092198581560294, 1, 1, 1, 1, 1, 1, 1, 1, 1, 1, 1, 1, 1, 1, 1, 1, 1, 1, 1, 1, 1, 1, 1, 1, 0, 1, 1, 1, 1, 1, 1, 1]
    "geom_med": [1.0, 1.0, 1.0, 0.7579438389477738, 0.7579438389477738, 0.7579438389477738, 1.0, 1.0, 1.0, 0.18164796845560374, 0.18164796845560374, 0.18164796845560374, 1.0, 1.0, 1.0, 1.0, 1.0, 1.0, 0.830560690148976, 0.7895163813800713, 0.7596605492554868, 1.0, 1.0, 1.0, 0.427153587674439, 0.2883895367270993, 0.18745188338915908, 1.0, 1.0, 1.0, 1.0, 1.0, 1.0, 1.0, 1.0, 1.0, 1.0, 1.0, 1.0, 1.0, 1.0, 1.0, 1.0, 1.0, 1.0, 1.0, 1.0, 1.0, 1.0, 1.0, 1.0, 0.18164796845560374, 1.0, 0.8183520315443962, 1.0, 1.0, 1.0, 0.8183520315443962, 1.0],
    "steiner_1": [1.0, 1.0, 1.0, 0.15609973669052124, 0.15609973669052124, 0.15609973669052124, 1.0, 1.0, 1.0, 0.04385111480951309, 0.04385111480951309, 0.04385111480951309, 1.0, 1.0, 1.0, 1.0, 1.0, 1.0, 0.32112956047058105, 0.22785183787345886, 0.16000115871429443, 1.0, 1.0, 1.0, 0.24255552887916565, 0.13024434447288513, 0.0485486201941967, 1.0, 1.0, 1.0, 1.0, 1.0, 1.0, 1.0, 1.0, 1.0, 1.0, 1.0, 1.0, 1.0, 1.0, 1.0, 1.0, 1.0, 1.0, 1.0, 1.0, 1.0, 1.0, 1.0, 1.0, 0.04385111480951309, 1.0, 0.6623480319976807, 1.0, 1.0, 1.0, 0.6623480319976807, 1.0],
    "steiner_2": [1.0, 1.0, 1.0, 0.7363031506538391, 0.7363031506538391, 0.7363031506538391, 1.0, 1.0, 1.0, 0.20684027671813965, 0.20684027671813965, 0.20684027671813965, 1.0, 1.0, 1.0, 1.0, 1.0, 1.0, 0.7878706455230713, 0.758723795413971, 0.7375222444534302, 1.0, 1.0, 1.0, 0.41724666953086853, 0.29832130670547485, 0.21181443333625793, 1.0, 1.0, 1.0, 1.0, 1.0, 1.0, 1.0, 1.0, 1.0, 1.0, 1.0, 1.0, 1.0, 1.0, 1.0, 1.0, 1.0, 1.0, 1.0, 1.0, 1.0, 1.0, 1.0, 1.0, 0.20684027671813965, 1.0, 0.7013546228408813, 1.0, 1.0, 1.0, 0.7013546228408813, 1.0]
}
